SAMPLE,NOT LIVE FINANCIALS,FOR INTERNAL DEMO ONLY
Legal name,"Halcyon Device Services, Inc."
d/b/a,Halcyon Device Services
Entity,"Halcyon Device Services, Inc."
HQ,"5601 NW 72nd Street, Suite 3, Warr Acres, OK 73132"
Pack,Monthly reporting / board pack
Period,Six months ended June 30, 2026
Industry,Field technicians plus software — medical equipment maintenance programs
Headcount,210
Payroll TTM,"$12,000,000"
Locations,6
Owned vehicles,42

Metric,FY2025,H1 2026,TTM Jun 2026
Revenue,"$38,000,000","$19,800,000","$39,100,000"
EBITDA,"$4,500,000","$2,280,000","$4,620,000"
Cash,"$3,000,000","$3,400,000","$3,400,000"
Net income,"$2,500,000","$1,180,000","$2,560,000"

Commentary
Halcyon Device Services sells multi-vendor equipment maintenance programs to hospitals clinics and labs. Field techs service biomedical equipment. A software layer administers contracts claims and analytics.
These pages are SAMPLE only. Use them to test PM setup drop zones and later autofill. They are not live portfolio financials.
